[
    {
      "instructorId": 1,
      "instructorImage": "/create_school_user_profile.svg",
      "instructorName": "Moreen Wrathmell",
      "instructorSpecilization": "Morbi non lectus. Aliquam sit amet diam in magna bibendum imperdiet.,.",
      "instructorRanking": "",
      "instructorExperience": "4 Year",
      "instructorPhoneNumber": "945-188-2665",
      "instructorStatus": "Active"
    },
    {
      "instructorId": 2,
      "instructorImage": "/create_school_user_profile.svg",
      "instructorName": "Winston Lampel",
      "instructorSpecilization": "Suspendisse potenti.",
      "instructorRanking": "",
      "instructorExperience": "4 Year", 
      "instructorPhoneNumber": "285-498-4167",
      "instructorStatus": "Active"
    },
    {
      "instructorId": 3,
      "instructorImage": "/create_school_user_profile.svg",
      "instructorName": "Hilda Bootes",
      "instructorSpecilization": "In hac habitasse platea dictumst. Maecenas ut massa quis augue luctus tincIdunt.",
      "instructorRanking": "",
      "instructorExperience": "4 Year", 
      "instructorPhoneNumber": "749-160-0629",
      "instructorStatus": "Active"
    },
    {
      "instructorId": 4,
      "instructorImage": "/create_school_user_profile.svg",
      "instructorName": "Xerxes Smitherham",
      "instructorSpecilization": "Donec semper sapien a libero. Nam dui. Proin leo odio, porttitor Id, consequat in, consequat ut, nulla. Sed accumsan felis.",
      "instructorRanking": "",
      "instructorExperience": "4 Year", 
      "instructorPhoneNumber": "545-571-9597",
      "instructorStatus": "Active"
    },
    {
      "instructorId": 5,
      "instructorImage": "/create_school_user_profile.svg",
      "instructorName": "Giacobo Pyburn",
      "instructorSpecilization": "In tempor, turpis nec euismod scelerisque, quam turpis adipiscing lorem,",
      "instructorRanking": "",
      "instructorExperience": "4 Year", 
      "instructorPhoneNumber": "985-989-0019",
      "instructorStatus": "Active"
    },
    {
      "instructorId": 6,
      "instructorImage": "/create_school_user_profile.svg",
      "instructorName": "Sergent Smedmore",
      "instructorSpecilization": "Aenean lectus. Pellentesque eget nunc. .",
      "instructorRanking": "",
      "instructorExperience": "4 Year", 
      "instructorPhoneNumber": "524-576-4448",
      "instructorStatus": "Active"
    },
    {
      "instructorId": 7,
      "instructorImage": "/create_school_user_profile.svg",
      "instructorName": "Ruddy Poundford",
      "instructorSpecilization": "Etiam pretium iaculis justo. In hac habitasse platea dictumst.",
      "instructorRanking": "",
      "instructorExperience": "4 Year", 
      "instructorPhoneNumber": "824-712-9733",
      "instructorStatus": "Active"
    },
    {
      "instructorId": 8,
      "instructorImage": "/create_school_user_profile.svg",
      "instructorName": "Catherine Pleasaunce",
      "instructorSpecilization": "Integer pede justo, lacinia eget, tincIdunt eget, tempus vel, pede. ",
      "instructorRanking": "",
      "instructorExperience": "4 Year", 
      "instructorPhoneNumber": "452-383-5008",
      "instructorStatus": "Active"
    },
    {
      "instructorId": 9,
      "instructorImage": "/create_school_user_profile.svg",
      "instructorName": "Julie Alen",
      "instructorSpecilization": "In tempor, turpis nec euismod scelerisque, ",
      "instructorRanking": "",
      "instructorExperience": "4 Year", 
      "instructorPhoneNumber": "225-140-5691",
      "instructorStatus": "Active"
    },
    {
      "instructorId": 10,
      "instructorImage": "/create_school_user_profile.svg",
      "instructorName": "Aurelie Colliss",
      "instructorSpecilization": "Duis aliquam convallis nunc. Proin at turpis a pede posuere nonummy.",
      "instructorRanking": "",
      "instructorExperience": "4 Year",
      "instructorPhoneNumber": "134-154-0763",
      "instructorStatus": "Active"
    },
    {
      "instructorId": 11,
      "instructorImage": "/create_school_user_profile.svg",
      "instructorName": "Jake Druitt",
      "instructorSpecilization": "Nulla tellus. In sagittis dui vel nisl. Duis ac nibh. Fusce lacus purus.",
      "instructorRanking": "",
      "instructorExperience": "4 Year", 
      "instructorPhoneNumber": "339-348-7970",
      "instructorStatus": "Active"
    },
    {
      "instructorId": 12,
      "instructorImage": "/create_school_user_profile.svg",
      "instructorName": "Anatole Sketchley",
      "instructorSpecilization": "Curabitur in libero ut massa volutpat convallis. Mis est.",
      "instructorRanking": "",
      "instructorExperience": "4 Year", 
      "instructorPhoneNumber": "843-963-5092",
      "instructorStatus": "Active"
    },
    {
      "instructorId": 13,
      "instructorImage": "/create_school_user_profile.svg",
      "instructorName": "Gustaf Whether",
      "instructorSpecilization": "Mauris ullamcorper purus sit amet nulla. Quisque arcu libero, rutrum ac, lobortis vel, dapibus at, diam.",
      "instructorRanking": "",
      "instructorExperience": "4 Year", 
      "instructorPhoneNumber": "891-177-9196",
      "instructorStatus": "Active"
    },
    {
      "instructorId": 14,
      "instructorImage": "/create_school_user_profile.svg",
      "instructorName": "Siouxie Dickman",
      "instructorSpecilization": "Donec ut dolor. Morbi vel lectus in quam fringilla rhoncus. Mauris enim leo, rhoncus sed, vestibulum sit amet, cursus Id, turpis. Integer aliquet, massa Id lobortis convallis, tortor risus dapibus augue, vel accumsan tellus nisi eu orci. Mauris lacinia sapien quis libero. Nullam sit amet turpis elementum ligula vehicula consequat. Morbi a ipsum. Integer a nibh.",
      "instructorRanking": "",
      "instructorExperience": "4 Year", 
      "instructorPhoneNumber": "902-280-0688",
      "instructorStatus": "Active"
    },
    {
      "instructorId": 15,
      "instructorImage": "/create_school_user_profile.svg",
      "instructorName": "Janet FobIdge",
      "instructorSpecilization": "Pellentesque ultrices mattis odio. Donec vitae nisi. Nam ultrices, libero non mattis pulvinar, nulla pede ullamcorper augue, a suscipit nulla elit ac nulla. Sed vel enim sit amet nunc viverra dapibus. Nulla suscipit ligula in lacus. Curabitur at ipsum ac tellus semper interdum. Mauris ullamcorper purus sit amet nulla. Quisque arcu libero, rutrum ac, lobortis vel, dapibus at, diam.",
      "instructorRanking": "",
      "instructorExperience": "4 Year", 
      "instructorPhoneNumber": "478-231-3601",
      "instructorStatus": "Active"
    },
    {
      "instructorId": 16,
      "instructorImage": "/create_school_user_profile.svg",
      "instructorName": "Jordana Davinet",
      "instructorSpecilization": "Nullam molestie nibh in lectus. Pellentesque at nulla. Suspendisse potenti. Cras in purus eu magna vulputate luctus. Cum sociis natoque penatibus et magnis dis parturient montes, nascetur rIdiculus mus. Vivamus vestibulum sagittis sapien. Cum sociis natoque penatibus et magnis dis parturient montes, nascetur rIdiculus mus.",
      "instructorRanking": "",
      "instructorExperience": "4 Year", 
      "instructorPhoneNumber": "644-634-0433",
      "instructorStatus": "Active"
    },
    {
      "instructorId": 17,
      "instructorImage": "/create_school_user_profile.svg",
      "instructorName": "Corabel Ranger",
      "instructorSpecilization": "Etiam pretium iaculis justo. In hac habitasse platea dictumst. Etiam faucibus cursus urna. Ut tellus. Nulla ut erat Id mauris vulputate elementum. Nullam varius. Nulla facilisi. Cras non velit nec nisi vulputate nonummy. Maecenas tincIdunt lacus at velit.",
      "instructorRanking": "",
      "instructorExperience": "4 Year",
      "instructorPhoneNumber": "639-496-8791",
      "instructorStatus": "Active"
    },
    {
      "instructorId": 18,
      "instructorImage": "/create_school_user_profile.svg",
      "instructorName": "Marilee Shankster",
      "instructorSpecilization": "Nullam sit amet turpis elementum ligula vehicula consequat.",
      "instructorRanking": "",
      "instructorExperience": "4 Year", 
      "instructorPhoneNumber": "430-794-7614",
      "instructorStatus": "Active"
    },
    {
      "instructorId": 19,
      "instructorImage": "/create_school_user_profile.svg",
      "instructorName": "Shawnee Clubb",
      "instructorSpecilization": "In blandit ultrices enim. Lorem ipsum dolor sit amet, consectetuer adipiscing elit.",
      "instructorRanking": "",
      "instructorExperience": "4 Year",
      "instructorPhoneNumber": "289-101-2227",
      "instructorStatus": "Active"
    },
    {
      "instructorId": 20,
      "instructorImage": "/create_school_user_profile.svg",
      "instructorName": "Sky Segebrecht",
      "instructorSpecilization": "Sed sagittis. Nam congue, risus semper porta volutpat, quam pede lobortis ligula, sit amet eleifend pede libero quis orci. Nullam molestie nibh in lectus. Pellentesque at nulla. Suspendisse potenti. Cras in purus eu magna vulputate luctus. Cum sociis natoque penatibus et magnis dis parturient montes, nascetur rIdiculus mus. Vivamus vestibulum sagittis sapien. Cum sociis natoque penatibus et magnis dis parturient montes, nascetur rIdiculus mus.",
      "instructorRanking": "",
      "instructorExperience": "4 Year", 
      "instructorPhoneNumber": "100-840-9854",
      "instructorStatus": "Active"
    },
    {
      "instructorId": 21,
      "instructorImage": "/create_school_user_profile.svg",
      "instructorName": "Wald Rihosek",
      "instructorSpecilization": "In blandit ultrices enim. Lorem ipsum dolor sit amet, consectetuer adipiscing elit. Proin interdum mauris non ligula pellentesque ultrices. Phasellus Id sapien in sapien iaculis congue. Vivamus metus arcu, adipiscing molestie, hendrerit at, vulputate vitae, nisl. Aenean lectus. Pellentesque eget nunc. Donec quis orci eget orci vehicula condimentum.",
      "instructorRanking": "",
      "instructorExperience": "4 Year", 
      "instructorPhoneNumber": "938-319-0503",
      "instructorStatus": "Active"
    },
    {
      "instructorId": 22,
      "instructorImage": "/create_school_user_profile.svg",
      "instructorName": "Milzie Liveley",
      "instructorSpecilization": "Cras in purus eu magna vulputate luctus. Cum sociis natoque penatibus et magnis dis parturient montes, nascetur rIdiculus mus.",
      "instructorRanking": "",
      "instructorExperience": "4 Year", 
      "instructorPhoneNumber": "704-986-5514",
      "instructorStatus": "Active"
    },
    {
      "instructorId": 23,
      "instructorImage": "/create_school_user_profile.svg",
      "instructorName": "Dulcinea Barney",
      "instructorSpecilization": "Aenean sit amet justo. Morbi ut odio. Cras mi pede, malesuada in, imperdiet et, commodo vulputate, justo.",
      "instructorRanking": "",
      "instructorExperience": "4 Year", 
      "instructorPhoneNumber": "980-146-2513",
      "instructorStatus": "Active"
    },
    {
      "instructorId": 24,
      "instructorImage": "/create_school_user_profile.svg",
      "instructorName": "Barbabra Wilby",
      "instructorSpecilization": "Etiam faucibus cursus urna. Ut tellus. Nulla ut erat Id mauris vulputate elementum. Nullam varius. Nulla facilisi. Cras non velit nec nisi vulputate nonummy.",
      "instructorRanking": "",
      "instructorExperience": "4 Year", 
      "instructorPhoneNumber": "722-486-1878",
      "instructorStatus": "Active"
    },
    {
      "instructorId": 25,
      "instructorImage": "/create_school_user_profile.svg",
      "instructorName": "Brittni Satchell",
      "instructorSpecilization": "Suspendisse potenti. Cras in purus eu magna vulputate luctus. Cum sociis natoque penatibus et magnis dis parturient montes, nascetur rIdiculus mus. Vivamus vestibulum sagittis sapien. Cum sociis natoque penatibus et magnis dis parturient montes, nascetur rIdiculus mus. Etiam vel augue.",
      "instructorRanking": "",
      "instructorExperience": "4 Year", 
      "instructorPhoneNumber": "349-154-6739",
      "instructorStatus": "Active"
    },
    {
      "instructorId": 26,
      "instructorImage": "/create_school_user_profile.svg",
      "instructorName": "Gwendolyn Kilshaw",
      "instructorSpecilization": "Nam ultrices, libero non mattis pulvinar, nulla pede ullamcorper augue, a suscipit nulla elit ac nulla. Sed vel enim sit amet nunc viverra dapibus. Nulla suscipit ligula in lacus. Curabitur at ipsum ac tellus semper interdum. Mauris ullamcorper purus sit amet nulla.",
      "instructorRanking": "",
      "instructorExperience": "4 Year", 
      "instructorPhoneNumber": "683-397-3572",
      "instructorStatus": "Active"
    },
    {
      "instructorId": 27,
      "instructorImage": "/create_school_user_profile.svg",
      "instructorName": "Cherlyn Tunney",
      "instructorSpecilization": "Nulla neque libero, convallis eget, eleifend luctus, ultricies eu, nibh. Quisque Id justo sit amet sapien dignissim vestibulum. Vestibulum ante ipsum primis in faucibus orci luctus et ultrices posuere cubilia Curae; Nulla dapibus dolor vel est. Donec odio justo, sollicitudin ut, suscipit a, feugiat et, eros.",
      "instructorRanking": "",
      "instructorExperience": "4 Year", 
      "instructorPhoneNumber": "630-168-4979",
      "instructorStatus": "Active"
    },
    {
      "instructorId": 28,
      "instructorImage": "/create_school_user_profile.svg",
      "instructorName": "Jamaal Ondrus",
      "instructorSpecilization": "In hac habitasse platea dictumst. Etiam faucibus cursus urna. Ut tellus.",
      "instructorRanking": "",
      "instructorExperience": "4 Year", 
      "instructorPhoneNumber": "614-609-3670",
      "instructorStatus": "Active"
    },
    {
      "instructorId": 29,
      "instructorImage": "/create_school_user_profile.svg",
      "instructorName": "Francesca Jiricka",
      "instructorSpecilization": "Cum sociis natoque penatibus et magnis dis parturient montes, nascetur rIdiculus mus.",
      "instructorRanking": "",
      "instructorExperience": "4 Year", 
      "instructorPhoneNumber": "220-717-1979",
      "instructorStatus": "Active"
    },
    {
      "instructorId": 30,
      "instructorImage": "/create_school_user_profile.svg",
      "instructorName": "Gardy Pursglove",
      "instructorSpecilization": "Morbi sem mauris, laoreet ut, rhoncus aliquet, pulvinar sed, nisl. Nunc rhoncus dui vel sem. Sed sagittis. Nam congue, risus semper porta volutpat, quam pede lobortis ligula, sit amet eleifend pede libero quis orci.",
      "instructorRanking": "",
      "instructorExperience": "4 Year", 
      "instructorPhoneNumber": "393-142-3001",
      "instructorStatus": "Active"
    },
    {
      "instructorId": 31,
      "instructorImage": "/create_school_user_profile.svg",
      "instructorName": "Nike Collens",
      "instructorSpecilization": "Donec dapibus. Duis at velit eu est congue elementum. In hac habitasse platea dictumst. Morbi vestibulum, velit Id pretium iaculis, diam erat fermentum justo, nec condimentum neque sapien placerat ante.",
      "instructorRanking": "",
      "instructorExperience": "4 Year", 
      "instructorPhoneNumber": "545-974-7594",
      "instructorStatus": "Active"
    },
    {
      "instructorId": 32,
      "instructorImage": "/create_school_user_profile.svg",
      "instructorName": "Jilli Chazette",
      "instructorSpecilization": "Aenean fermentum. Donec ut mauris eget massa tempor convallis. Nulla neque libero, convallis eget, eleifend luctus, ultricies eu, nibh. Quisque Id justo sit amet sapien dignissim vestibulum. Vestibulum ante ipsum primis in faucibus orci luctus et ultrices posuere cubilia Curae; Nulla dapibus dolor vel est. Donec odio justo, sollicitudin ut, suscipit a, feugiat et, eros. Vestibulum ac est lacinia nisi venenatis tristique.",
      "instructorRanking": "",
      "instructorExperience": "4 Year", 
      "instructorPhoneNumber": "687-265-2411",
      "instructorStatus": "Active"
    },
    {
      "instructorId": 33,
      "instructorImage": "/create_school_user_profile.svg",
      "instructorName": "Johnny Carnall",
      "instructorSpecilization": "In hac habitasse platea dictumst. Maecenas ut massa quis augue luctus tincIdunt.",
      "instructorRanking": "",
      "instructorExperience": "4 Year", 
      "instructorPhoneNumber": "802-665-8645",
      "instructorStatus": "Active"
    },
    {
      "instructorId": 34,
      "instructorImage": "/create_school_user_profile.svg",
      "instructorName": "Millard Demke",
      "instructorSpecilization": "Curabitur in libero ut massa volutpat convallis. Morbi odio odio, elementum eu, interdum eu, tincIdunt in, leo.",
      "instructorRanking": "",
      "instructorExperience": "4 Year", 
      "instructorPhoneNumber": "981-280-7967",
      "instructorStatus": "Active"
    },
    {
      "instructorId": 35,
      "instructorImage": "/create_school_user_profile.svg",
      "instructorName": "Mark Dallimare",
      "instructorSpecilization": "Aenean lectus. Pellentesque eget nunc. . Phasellus sit amet erat. Nulla tempus.",
      "instructorRanking": "",
      "instructorExperience": "4 Year", 
      "instructorPhoneNumber": "493-262-3261",
      "instructorStatus": "Active"
    },
    {
      "instructorId": 36,
      "instructorImage": "/create_school_user_profile.svg",
      "instructorName": "Inesita Belton",
      "instructorSpecilization": "Suspendisse accumsan tortor quis turpis. Sed ante. Vivamus tortor. Duis mattis egestas metus. Aenean fermentum. Donec ut mauris eget massa tempor convallis. Nulla neque libero, convallis eget, eleifend luctus, ultricies eu, nibh. Quisque Id justo sit amet sapien dignissim vestibulum.",
      "instructorRanking": "",
      "instructorExperience": "4 Year",
      "instructorPhoneNumber": "676-480-4377",
      "instructorStatus": "Active"
    },
    {
      "instructorId": 37,
      "instructorImage": "/create_school_user_profile.svg",
      "instructorName": "Dimitri SprIddle",
      "instructorSpecilization": "Mauris sit amet eros. Suspendisse accumsan tortor quis turpis. Sed ante.",
      "instructorRanking": "",
      "instructorExperience": "4 Year", 
      "instructorPhoneNumber": "891-987-4474",
      "instructorStatus": "Active"
    },
    {
      "instructorId": 38,
      "instructorImage": "/create_school_user_profile.svg",
      "instructorName": "Stevana McGraith",
      "instructorSpecilization": "Duis consequat dui nec nisi volutpat eleifend. Donec ut dolor. Morbi vel lectus in quam fringilla rhoncus. Mauris enim leo, rhoncus sed, vestibulum sit amet, cursus Id, turpis. Integer aliquet, massa Id lobortis convallis, tortor risus dapibus augue, vel accumsan tellus nisi eu orci. Mauris lacinia sapien quis libero.",
      "instructorRanking": "",
      "instructorExperience": "4 Year", 
      "instructorPhoneNumber": "511-549-4873",
      "instructorStatus": "Active"
    },
    {
      "instructorId": 39,
      "instructorImage": "/create_school_user_profile.svg",
      "instructorName": "Keefe Muskett",
      "instructorSpecilization": "Morbi porttitor lorem Id ligula. Suspendisse ornare consequat lectus. In est risus, auctor sed, tristique in, tempus sit amet, sem. Fusce consequat.",
      "instructorRanking": "",
      "instructorExperience": "4 Year", 
      "instructorPhoneNumber": "100-527-6322",
      "instructorStatus": "Active"
    },
    {
      "instructorId": 40,
      "instructorImage": "/create_school_user_profile.svg",
      "instructorName": "Giacinta Trenam",
      "instructorSpecilization": "Duis mattis egestas metus. Aenean fermentum. Donec ut mauris eget massa tempor convallis. Nulla neque libero, convallis eget, eleifend luctus, ultricies eu, nibh.",
      "instructorRanking": "",
      "instructorExperience": "4 Year", 
      "instructorPhoneNumber": "629-298-4607",
      "instructorStatus": "Active"
    },
    {
      "instructorId": 41,
      "instructorImage": "/create_school_user_profile.svg",
      "instructorName": "Wallis Temporal",
      "instructorSpecilization": "Maecenas pulvinar lobortis est. Phasellus sit amet erat.",
      "instructorRanking": "",
      "instructorExperience": "4 Year", 
      "instructorPhoneNumber": "759-694-6684",
      "instructorStatus": "Active"
    },
    {
      "instructorId": 42,
      "instructorImage": "http://dummyimage.com/149x100.png/5fa2dd/ffffff",
      "instructorName": "Loralie Tregaskis",
      "instructorSpecilization": "Proin at turpis a pede posuere nonummy. Integer non velit. Donec diam neque, vestibulum eget, vulputate ut, ultrices vel, augue. Vestibulum ante ipsum primis in faucibus orci luctus et ultrices posuere cubilia Curae; Donec pharetra, magna vestibulum aliquet ultrices, erat tortor sollicitudin mi, sit amet lobortis sapien sapien non mi. Integer ac neque. Duis bibendum. Morbi non quam nec dui luctus rutrum. Nulla tellus.",
      "instructorRanking": "",
      "instructorExperience": "4 Year", 
      "instructorPhoneNumber": "515-754-6078",
      "instructorStatus": "Active"
    },
    {
      "instructorId": 43,
      "instructorImage": "http://dummyimage.com/142x100.png/ff4444/ffffff",
      "instructorName": "Northrop Schaumann",
      "instructorSpecilization": "Cras pellentesque volutpat dui. Maecenas tristique, est et tempus semper, est quam pharetra magna, ac consequat metus sapien ut nunc.",
      "instructorRanking": "",
      "instructorExperience": "4 Year", 
      "instructorPhoneNumber": "918-378-1982",
      "instructorStatus": "Active"
    },
    {
      "instructorId": 44,
      "instructorImage": "http://dummyimage.com/111x100.png/ff4444/ffffff",
      "instructorName": "Clemente Stanway",
      "instructorSpecilization": "Proin eu mi.",
      "instructorRanking": "",
      "instructorExperience": "4 Year", 
      "instructorPhoneNumber": "653-843-8846",
      "instructorStatus": "Active"
    },
    {
      "instructorId": 45,
      "instructorImage": "http://dummyimage.com/104x100.png/5fa2dd/ffffff",
      "instructorName": "Barbe Lamps",
      "instructorSpecilization": "Suspendisse potenti. Nullam porttitor lacus at turpis. Donec posuere metus vitae ipsum. Aliquam non mauris. Morbi non lectus. Aliquam sit amet diam in magna bibendum imperdiet.",
      "instructorRanking": "",
      "instructorExperience": "4 Year", 
      "instructorPhoneNumber": "204-497-4556",
      "instructorStatus": "Active"
    },
    {
      "instructorId": 46,
      "instructorImage": "http://dummyimage.com/119x100.png/cc0000/ffffff",
      "instructorName": "Dun Flarity",
      "instructorSpecilization": "Fusce lacus purus, aliquet at, feugiat non, pretium quis, lectus. Suspendisse potenti.",
      "instructorRanking": "",
      "instructorExperience": "4 Year", 
      "instructorPhoneNumber": "719-912-4432",
      "instructorStatus": "Active"
    },
    {
      "instructorId": 47,
      "instructorImage": "http://dummyimage.com/185x100.png/5fa2dd/ffffff",
      "instructorName": "Noami Farloe",
      "instructorSpecilization": "Suspendisse potenti. Cras in purus eu magna vulputate luctus. Cum sociis natoque penatibus et magnis dis parturient montes, nascetur rIdiculus mus. Vivamus vestibulum sagittis sapien. Cum sociis natoque penatibus et magnis dis parturient montes, nascetur rIdiculus mus. Etiam vel augue. Vestibulum rutrum rutrum neque.",
      "instructorRanking": "",
      "instructorExperience": "4 Year", 
      "instructorPhoneNumber": "724-178-0371",
      "instructorStatus": "Active"
    },
    {
      "instructorId": 48,
      "instructorImage": "http://dummyimage.com/250x100.png/dddddd/000000",
      "instructorName": "Vanessa Bowfin",
      "instructorSpecilization": "Suspendisse ornare consequat lectus. In est risus, auctor sed, tristique in, tempus sit amet, sem. Fusce consequat. Nulla nisl. Nunc nisl. Duis bibendum, felis sed interdum venenatis, turpis enim blandit mi, in porttitor pede justo eu massa. Donec dapibus. Duis at velit eu est congue elementum.",
      "instructorRanking": "",
      "instructorExperience": "4 Year", 
      "instructorPhoneNumber": "523-770-2151",
      "instructorStatus": "Active"
    },
    {
      "instructorId": 49,
      "instructorImage": "http://dummyimage.com/188x100.png/cc0000/ffffff",
      "instructorName": "Harriette Beade",
      "instructorSpecilization": "Etiam faucibus cursus urna.",
      "instructorRanking": "",
      "instructorExperience": "4 Year", 
      "instructorPhoneNumber": "634-288-9550",
      "instructorStatus": "Active"
    },
    {
      "instructorId": 50,
      "instructorImage": "http://dummyimage.com/198x100.png/cc0000/ffffff",
      "instructorName": "Bendicty Hawtry",
      "instructorSpecilization": "In hac habitasse platea dictumst. Maecenas ut massa quis augue luctus tincIdunt. Nulla mollis molestie lorem. Quisque ut erat. Curabitur gravIda nisi at nibh. In hac habitasse platea dictumst. Aliquam augue quam, sollicitudin vitae, consectetuer eget, rutrum at, lorem. Integer tincIdunt ante vel ipsum.",
      "instructorRanking": "",
      "instructorExperience": "4 Year", 
      "instructorPhoneNumber": "336-421-9644",
      "instructorStatus": "Active"
    },
    {
      "instructorId": 51,
      "instructorImage": "http://dummyimage.com/187x100.png/dddddd/000000",
      "instructorName": "Chancey Matlock",
      "instructorSpecilization": "Curabitur convallis. Duis consequat dui nec nisi volutpat eleifend. Donec ut dolor. Morbi vel lectus in quam fringilla rhoncus. Mauris enim leo, rhoncus sed, vestibulum sit amet, cursus Id, turpis. Integer aliquet, massa Id lobortis convallis, tortor risus dapibus augue, vel accumsan tellus nisi eu orci. Mauris lacinia sapien quis libero.",
      "instructorRanking": "",
      "instructorExperience": "4 Year", 
      "instructorPhoneNumber": "302-654-3801",
      "instructorStatus": "Active"
    },
    {
      "instructorId": 52,
      "instructorImage": "http://dummyimage.com/181x100.png/5fa2dd/ffffff",
      "instructorName": "Maxie Medgewick",
      "instructorSpecilization": "Nunc purus. Phasellus in felis. Donec semper sapien a libero. Nam dui. Proin leo odio, porttitor Id, consequat in, consequat ut, nulla. Sed accumsan felis. Ut at dolor quis odio consequat varius. Integer ac leo. Pellentesque ultrices mattis odio. Donec vitae nisi.",
      "instructorRanking": "",
      "instructorExperience": "4 Year", 
      "instructorPhoneNumber": "457-422-1545",
      "instructorStatus": "Active"
    },
    {
      "instructorId": 53,
      "instructorImage": "http://dummyimage.com/197x100.png/ff4444/ffffff",
      "instructorName": "Dorri Hecks",
      "instructorSpecilization": "Morbi vestibulum, velit Id pretium iaculis, diam erat fermentum justo, nec condimentum neque sapien placerat ante. Nulla justo. Aliquam quis turpis eget elit sodales scelerisque. Mauris sit amet eros. Suspendisse accumsan tortor quis turpis. Sed ante.",
      "instructorRanking": "",
      "instructorExperience": "4 Year", 
      "instructorPhoneNumber": "975-814-7100",
      "instructorStatus": "Active"
    },
    {
      "instructorId": 54,
      "instructorImage": "http://dummyimage.com/217x100.png/5fa2dd/ffffff",
      "instructorName": "Rozalie Gritten",
      "instructorSpecilization": "Donec vitae nisi. Nam ultrices, libero non mattis pulvinar, nulla pede ullamcorper augue, a suscipit nulla elit ac nulla. Sed vel enim sit amet nunc viverra dapibus. Nulla suscipit ligula in lacus.",
      "instructorRanking": "",
      "instructorExperience": "4 Year", 
      "instructorPhoneNumber": "375-739-8364",
      "instructorStatus": "Active"
    },
    {
      "instructorId": 55,
      "instructorImage": "http://dummyimage.com/184x100.png/ff4444/ffffff",
      "instructorName": "Lonnie Soppitt",
      "instructorSpecilization": "Etiam vel augue. Vestibulum rutrum rutrum neque. Aenean auctor gravIda sem. Praesent Id massa Id nisl venenatis lacinia. Aenean sit amet justo.",
      "instructorRanking": "",
      "instructorExperience": "4 Year", 
      "instructorPhoneNumber": "912-332-3279",
      "instructorStatus": "Active"
    },
    {
      "instructorId": 56,
      "instructorImage": "http://dummyimage.com/208x100.png/5fa2dd/ffffff",
      "instructorName": "Kelly Falks",
      "instructorSpecilization": "Donec odio justo, sollicitudin ut, suscipit a, feugiat et, eros. Vestibulum ac est lacinia nisi venenatis tristique. Fusce congue, diam Id ornare imperdiet, sapien urna pretium nisl, ut volutpat sapien arcu sed augue. Aliquam erat volutpat.",
      "instructorRanking": "",
      "instructorExperience": "4 Year", 
      "instructorPhoneNumber": "179-904-8990",
      "instructorStatus": "Active"
    },
    {
      "instructorId": 57,
      "instructorImage": "http://dummyimage.com/217x100.png/cc0000/ffffff",
      "instructorName": "Darcy Wiz",
      "instructorSpecilization": "Vestibulum ante ipsum primis in faucibus orci luctus et ultrices posuere cubilia Curae; Mauris viverra diam vitae quam.",
      "instructorRanking": "",
      "instructorExperience": "4 Year", 
      "instructorPhoneNumber": "387-373-6625",
      "instructorStatus": "Active"
    },
    {
      "instructorId": 58,
      "instructorImage": "http://dummyimage.com/126x100.png/ff4444/ffffff",
      "instructorName": "Pat Bisp",
      "instructorSpecilization": "Mauris lacinia sapien quis libero. Nullam sit amet turpis elementum ligula vehicula consequat. Morbi a ipsum. Integer a nibh. In quis justo. Maecenas rhoncus aliquam lacus. Morbi quis tortor Id nulla ultrices aliquet. Maecenas leo odio, condimentum Id, luctus nec, molestie sed, justo. Pellentesque viverra pede ac diam. Cras pellentesque volutpat dui.",
      "instructorRanking": "",
      "instructorExperience": "4 Year", 
      "instructorPhoneNumber": "618-154-5025",
      "instructorStatus": "Active"
    },
    {
      "instructorId": 59,
      "instructorImage": "http://dummyimage.com/149x100.png/dddddd/000000",
      "instructorName": "Hendrik Penella",
      "instructorSpecilization": "Morbi vel lectus in quam fringilla rhoncus. Mauris enim leo, rhoncus sed, vestibulum sit amet, cursus Id, turpis. Integer aliquet, massa Id lobortis convallis, tortor risus dapibus augue, vel accumsan tellus nisi eu orci.",
      "instructorRanking": "",
      "instructorExperience": "4 Year", 
      "instructorPhoneNumber": "488-853-6119",
      "instructorStatus": "Active"
    },
    {
      "instructorId": 60,
      "instructorImage": "http://dummyimage.com/221x100.png/ff4444/ffffff",
      "instructorName": "Aeriela Hildrew",
      "instructorSpecilization": "Curabitur convallis. Duis consequat dui nec nisi volutpat eleifend. Donec ut dolor. Morbi vel lectus in quam fringilla rhoncus. Mauris enim leo, rhoncus sed, vestibulum sit amet, cursus Id, turpis. Integer aliquet, massa Id lobortis convallis, tortor risus dapibus augue, vel accumsan tellus nisi eu orci.",
      "instructorRanking": "",
      "instructorExperience": "4 Year", 
      "instructorPhoneNumber": "424-650-2575",
      "instructorStatus": "Active"
    },
    {
      "instructorId": 61,
      "instructorImage": "http://dummyimage.com/179x100.png/cc0000/ffffff",
      "instructorName": "Yvon Card",
      "instructorSpecilization": "Pellentesque viverra pede ac diam. Cras pellentesque volutpat dui. Maecenas tristique, est et tempus semper, est quam pharetra magna, ac consequat metus sapien ut nunc. Vestibulum ante ipsum primis in faucibus orci luctus et ultrices posuere cubilia Curae; Mauris viverra diam vitae quam. Suspendisse potenti. Nullam porttitor lacus at turpis. Donec posuere metus vitae ipsum. Aliquam non mauris.",
      "instructorRanking": "",
      "instructorExperience": "4 Year", 
      "instructorPhoneNumber": "972-765-7025",
      "instructorStatus": "Active"
    },
    {
      "instructorId": 62,
      "instructorImage": "http://dummyimage.com/116x100.png/cc0000/ffffff",
      "instructorName": "Angelico Harriss",
      "instructorSpecilization": "Vivamus vestibulum sagittis sapien.",
      "instructorRanking": "",
      "instructorExperience": "4 Year", 
      "instructorPhoneNumber": "129-365-7889",
      "instructorStatus": "Active"
    },
    {
      "instructorId": 63,
      "instructorImage": "http://dummyimage.com/105x100.png/5fa2dd/ffffff",
      "instructorName": "Beatriz Clemenza",
      "instructorSpecilization": "Nulla facilisi. Cras non velit nec nisi vulputate nonummy. Maecenas tincIdunt lacus at velit. Vivamus vel nulla eget eros elementum pellentesque. Quisque porta volutpat erat. Quisque erat eros, viverra eget, congue eget, semper rutrum, nulla. Nunc purus. Phasellus in felis. Donec semper sapien a libero.",
      "instructorRanking": "",
      "instructorExperience": "4 Year", 
      "instructorPhoneNumber": "702-301-2352",
      "instructorStatus": "Active"
    },
    {
      "instructorId": 64,
      "instructorImage": "http://dummyimage.com/174x100.png/5fa2dd/ffffff",
      "instructorName": "Maible Philp",
      "instructorSpecilization": "Maecenas rhoncus aliquam lacus. Morbi quis tortor Id nulla ultrices aliquet. Maecenas leo odio, condimentum Id, luctus nec, molestie sed, justo. Pellentesque viverra pede ac diam. Cras pellentesque volutpat dui. Maecenas tristique, est et tempus semper, est quam pharetra magna, ac consequat metus sapien ut nunc.",
      "instructorRanking": "",
      "instructorExperience": "4 Year", 
      "instructorPhoneNumber": "387-208-8094",
      "instructorStatus": "Active"
    },
    {
      "instructorId": 65,
      "instructorImage": "http://dummyimage.com/233x100.png/dddddd/000000",
      "instructorName": "Barnaby Ackenson",
      "instructorSpecilization": "Vivamus vestibulum sagittis sapien. Cum sociis natoque penatibus et magnis dis parturient montes, nascetur rIdiculus mus. Etiam vel augue. Vestibulum rutrum rutrum neque. Aenean auctor gravIda sem.",
      "instructorRanking": "",
      "instructorExperience": "4 Year", 
      "instructorPhoneNumber": "796-985-3522",
      "instructorStatus": "Active"
    },
    {
      "instructorId": 66,
      "instructorImage": "http://dummyimage.com/114x100.png/ff4444/ffffff",
      "instructorName": "Maureen Garbert",
      "instructorSpecilization": "Etiam pretium iaculis justo.",
      "instructorRanking": "",
      "instructorExperience": "4 Year", 
      "instructorPhoneNumber": "920-756-7932",
      "instructorStatus": "Active"
    },
    {
      "instructorId": 67,
      "instructorImage": "http://dummyimage.com/106x100.png/ff4444/ffffff",
      "instructorName": "Corine Imorts",
      "instructorSpecilization": "Cum sociis natoque penatibus et magnis dis parturient montes, nascetur rIdiculus mus. Etiam vel augue.",
      "instructorRanking": "",
      "instructorExperience": "4 Year", 
      "instructorPhoneNumber": "820-864-3980",
      "instructorStatus": "Active"
    },
    {
      "instructorId": 68,
      "instructorImage": "http://dummyimage.com/112x100.png/dddddd/000000",
      "instructorName": "Ingrim Stronach",
      "instructorSpecilization": "Sed accumsan felis. Ut at dolor quis odio consequat varius. Integer ac leo. Pellentesque ultrices mattis odio. Donec vitae nisi. Nam ultrices, libero non mattis pulvinar, nulla pede ullamcorper augue, a suscipit nulla elit ac nulla.",
      "instructorRanking": "",
      "instructorExperience": "4 Year", 
      "instructorPhoneNumber": "131-876-1175",
      "instructorStatus": "Active"
    },
    {
      "instructorId": 69,
      "instructorImage": "http://dummyimage.com/131x100.png/cc0000/ffffff",
      "instructorName": "Nicolai Pimlett",
      "instructorSpecilization": "Proin interdum mauris non ligula pellentesque ultrices. Phasellus Id sapien in sapien iaculis congue. Vivamus metus arcu, adipiscing molestie, hendrerit at, vulputate vitae, nisl.",
      "instructorRanking": "",
      "instructorExperience": "4 Year", 
      "instructorPhoneNumber": "979-803-9808",
      "instructorStatus": "Active"
    },
    {
      "instructorId": 70,
      "instructorImage": "http://dummyimage.com/165x100.png/dddddd/000000",
      "instructorName": "Dee McIlvoray",
      "instructorSpecilization": "Lorem ipsum dolor sit amet, consectetuer adipiscing elit. Proin interdum mauris non ligula pellentesque ultrices. Phasellus Id sapien in sapien iaculis congue. Vivamus metus arcu, adipiscing molestie, hendrerit at, vulputate vitae, nisl. Aenean lectus.",
      "instructorRanking": "",
      "instructorExperience": "4 Year", 
      "instructorPhoneNumber": "892-359-7836",
      "instructorStatus": "Active"
    },
    {
      "instructorId": 71,
      "instructorImage": "http://dummyimage.com/172x100.png/dddddd/000000",
      "instructorName": "Wittie Gosselin",
      "instructorSpecilization": "Morbi non quam nec dui luctus rutrum. Nulla tellus. In sagittis dui vel nisl. Duis ac nibh. Fusce lacus purus, aliquet at, feugiat non, pretium quis, lectus. Suspendisse potenti.",
      "instructorRanking": "",
      "instructorExperience": "4 Year", 
      "instructorPhoneNumber": "533-989-6966",
      "instructorStatus": "Active"
    },
    {
      "instructorId": 72,
      "instructorImage": "http://dummyimage.com/114x100.png/cc0000/ffffff",
      "instructorName": "Onofredo Downgate",
      "instructorSpecilization": "Integer ac leo. Pellentesque ultrices mattis odio. Donec vitae nisi.",
      "instructorRanking": "",
      "instructorExperience": "4 Year", 
      "instructorPhoneNumber": "628-543-0101",
      "instructorStatus": "Active"
    },
    {
      "instructorId": 73,
      "instructorImage": "http://dummyimage.com/147x100.png/cc0000/ffffff",
      "instructorName": "Garth Dicks",
      "instructorSpecilization": "Suspendisse accumsan tortor quis turpis. Sed ante. Vivamus tortor. Duis mattis egestas metus. Aenean fermentum. Donec ut mauris eget massa tempor convallis. Nulla neque libero, convallis eget, eleifend luctus, ultricies eu, nibh. Quisque Id justo sit amet sapien dignissim vestibulum.",
      "instructorRanking": "",
      "instructorExperience": "4 Year", 
      "instructorPhoneNumber": "512-930-2528",
      "instructorStatus": "Active"
    },
    {
      "instructorId": 74,
      "instructorImage": "http://dummyimage.com/219x100.png/ff4444/ffffff",
      "instructorName": "Rosanna Dreelan",
      "instructorSpecilization": "Nunc purus. Phasellus in felis. Donec semper sapien a libero. Nam dui. Proin leo odio, porttitor Id, consequat in, consequat ut, nulla. Sed accumsan felis. Ut at dolor quis odio consequat varius. Integer ac leo. Pellentesque ultrices mattis odio. Donec vitae nisi.",
      "instructorRanking": "",
      "instructorExperience": "4 Year", 
      "instructorPhoneNumber": "839-494-9382",
      "instructorStatus": "Active"
    },
    {
      "instructorId": 75,
      "instructorImage": "http://dummyimage.com/126x100.png/5fa2dd/ffffff",
      "instructorName": "Maria Ramshaw",
      "instructorSpecilization": "Morbi non quam nec dui luctus rutrum.",
      "instructorRanking": "",
      "instructorExperience": "4 Year", 
      "instructorPhoneNumber": "623-327-0991",
      "instructorStatus": "Active"
    },
    {
      "instructorId": 76,
      "instructorImage": "http://dummyimage.com/214x100.png/5fa2dd/ffffff",
      "instructorName": "Mariejeanne Klemmt",
      "instructorSpecilization": "Curabitur convallis. Duis consequat dui nec nisi volutpat eleifend.",
      "instructorRanking": "",
      "instructorExperience": "4 Year", 
      "instructorPhoneNumber": "982-739-1920",
      "instructorStatus": "Active"
    },
    {
      "instructorId": 77,
      "instructorImage": "http://dummyimage.com/206x100.png/5fa2dd/ffffff",
      "instructorName": "Zonda Wanklin",
      "instructorSpecilization": "Phasellus in felis. Donec semper sapien a libero. Nam dui. Proin leo odio, porttitor Id, consequat in, consequat ut, nulla. Sed accumsan felis. Ut at dolor quis odio consequat varius. Integer ac leo. Pellentesque ultrices mattis odio. Donec vitae nisi.",
      "instructorRanking": "",
      "instructorExperience": "4 Year", 
      "instructorPhoneNumber": "531-525-0654",
      "instructorStatus": "Active"
    },
    {
      "instructorId": 78,
      "instructorImage": "http://dummyimage.com/146x100.png/ff4444/ffffff",
      "instructorName": "Meggy Iaduccelli",
      "instructorSpecilization": "Duis at velit eu est congue elementum. In hac habitasse platea dictumst. Morbi vestibulum, velit Id pretium iaculis, diam erat fermentum justo, nec condimentum neque sapien placerat ante. Nulla justo. Aliquam quis turpis eget elit sodales scelerisque. Mauris sit amet eros. Suspendisse accumsan tortor quis turpis. Sed ante. Vivamus tortor.",
      "instructorRanking": "",
      "instructorExperience": "4 Year", 
      "instructorPhoneNumber": "185-861-3602",
      "instructorStatus": "Active"
    },
    {
      "instructorId": 79,
      "instructorImage": "http://dummyimage.com/223x100.png/dddddd/000000",
      "instructorName": "Kaine Miko",
      "instructorSpecilization": "In tempor, turpis nec euismod scelerisque, quam turpis adipiscing lorem, vitae mattis nibh ligula nec sem. Duis aliquam convallis nunc. Proin at turpis a pede posuere nonummy. Integer non velit. Donec diam neque, vestibulum eget, vulputate ut, ultrices vel, augue.",
      "instructorRanking": "",
      "instructorExperience": "4 Year", 
      "instructorPhoneNumber": "998-867-6008",
      "instructorStatus": "Active"
    },
    {
      "instructorId": 80,
      "instructorImage": "http://dummyimage.com/250x100.png/dddddd/000000",
      "instructorName": "Rosalinde Fantin",
      "instructorSpecilization": "Morbi vel lectus in quam fringilla rhoncus. Mauris enim leo, rhoncus sed, vestibulum sit amet, cursus Id, turpis. Integer aliquet, massa Id lobortis convallis, tortor risus dapibus augue, vel accumsan tellus nisi eu orci. Mauris lacinia sapien quis libero. Nullam sit amet turpis elementum ligula vehicula consequat. Morbi a ipsum.",
      "instructorRanking": "",
      "instructorExperience": "4 Year", 
      "instructorPhoneNumber": "858-252-8229",
      "instructorStatus": "Active"
    },
    {
      "instructorId": 81,
      "instructorImage": "http://dummyimage.com/197x100.png/dddddd/000000",
      "instructorName": "Abbey Sands",
      "instructorSpecilization": "Duis consequat dui nec nisi volutpat eleifend. Donec ut dolor.",
      "instructorRanking": "",
      "instructorExperience": "4 Year", 
      "instructorPhoneNumber": "672-347-1508",
      "instructorStatus": "Active"
    },
    {
      "instructorId": 82,
      "instructorImage": "http://dummyimage.com/230x100.png/cc0000/ffffff",
      "instructorName": "Torrey Bartleman",
      "instructorSpecilization": "Maecenas rhoncus aliquam lacus. Morbi quis tortor Id nulla ultrices aliquet. Maecenas leo odio, condimentum Id, luctus nec, molestie sed, justo. Pellentesque viverra pede ac diam. Cras pellentesque volutpat dui.",
      "instructorRanking": "",
      "instructorExperience": "4 Year", 
      "instructorPhoneNumber": "214-918-5043",
      "instructorStatus": "Active"
    },
    {
      "instructorId": 83,
      "instructorImage": "http://dummyimage.com/140x100.png/dddddd/000000",
      "instructorName": "Merry Forryan",
      "instructorSpecilization": "Cras pellentesque volutpat dui. Maecenas tristique, est et tempus semper, est quam pharetra magna, ac consequat metus sapien ut nunc.",
      "instructorRanking": "",
      "instructorExperience": "4 Year", 
      "instructorPhoneNumber": "686-267-1889",
      "instructorStatus": "Active"
    },
    {
      "instructorId": 84,
      "instructorImage": "http://dummyimage.com/134x100.png/5fa2dd/ffffff",
      "instructorName": "Pennie Wingrove",
      "instructorSpecilization": "Phasellus Id sapien in sapien iaculis congue. Vivamus metus arcu, adipiscing molestie, hendrerit at, vulputate vitae, nisl. Aenean lectus. Pellentesque eget nunc. Donec quis orci eget orci vehicula condimentum.",
      "instructorRanking": "",
      "instructorExperience": "4 Year", 
      "instructorPhoneNumber": "626-758-7769",
      "instructorStatus": "Active"
    },
    {
      "instructorId": 85,
      "instructorImage": "/create_school_user_profile.svg/dddddd/000000",
      "instructorName": "Myrlene Sines",
      "instructorSpecilization": "In est risus, auctor sed, tristique in, tempus sit amet, sem. Fusce consequat. Nulla nisl. Nunc nisl. Duis bibendum, felis sed interdum venenatis, turpis enim blandit mi, in porttitor pede justo eu massa. Donec dapibus. Duis at velit eu est congue elementum.",
      "instructorRanking": "",
      "instructorExperience": "4 Year", 
      "instructorPhoneNumber": "444-232-1989",
      "instructorStatus": "Active"
    },
    {
      "instructorId": 86,
      "instructorImage": "http://dummyimage.com/218x100.png/dddddd/000000",
      "instructorName": "Sandie Chivrall",
      "instructorSpecilization": "Nam dui. Proin leo odio, porttitor Id, consequat in, consequat ut, nulla. Sed accumsan felis. Ut at dolor quis odio consequat varius. Integer ac leo.",
      "instructorRanking": "",
      "instructorExperience": "4 Year", 
      "instructorPhoneNumber": "509-357-1140",
      "instructorStatus": "Active"
    },
    {
      "instructorId": 87,
      "instructorImage": "http://dummyimage.com/119x100.png/ff4444/ffffff",
      "instructorName": "Bendicty Grumell",
      "instructorSpecilization": "Cras in purus eu magna vulputate luctus. Cum sociis natoque penatibus et magnis dis parturient montes, nascetur rIdiculus mus. Vivamus vestibulum sagittis sapien. Cum sociis natoque penatibus et magnis dis parturient montes, nascetur rIdiculus mus. Etiam vel augue. Vestibulum rutrum rutrum neque. Aenean auctor gravIda sem. Praesent Id massa Id nisl venenatis lacinia. Aenean sit amet justo. Morbi ut odio.",
      "instructorRanking": "",
      "instructorExperience": "4 Year", 
      "instructorPhoneNumber": "754-423-1507",
      "instructorStatus": "Active"
    },
    {
      "instructorId": 88,
      "instructorImage": "http://dummyimage.com/197x100.png/ff4444/ffffff",
      "instructorName": "Dannel Gahan",
      "instructorSpecilization": "Donec semper sapien a libero. Nam dui. Proin leo odio, porttitor Id, consequat in, consequat ut, nulla. Sed accumsan felis. Ut at dolor quis odio consequat varius. Integer ac leo.",
      "instructorRanking": "",
      "instructorExperience": "4 Year", 
      "instructorPhoneNumber": "667-888-3528",
      "instructorStatus": "Active"
    },
    {
      "instructorId": 89,
      "instructorImage": "http://dummyimage.com/151x100.png/ff4444/ffffff",
      "instructorName": "Quintus Godney",
      "instructorSpecilization": "Donec vitae nisi. Nam ultrices, libero non mattis pulvinar, nulla pede ullamcorper augue, a suscipit nulla elit ac nulla. Sed vel enim sit amet nunc viverra dapibus. Nulla suscipit ligula in lacus.",
      "instructorRanking": "",
      "instructorExperience": "4 Year",
      "instructorPhoneNumber": "149-429-8229",
      "instructorStatus": "Active"
    },
    {
      "instructorId": 90,
      "instructorImage": "http://dummyimage.com/171x100.png/ff4444/ffffff",
      "instructorName": "SId Pitford",
      "instructorSpecilization": "Nulla nisl. Nunc nisl. Duis bibendum, felis sed interdum venenatis, turpis enim blandit mi, in porttitor pede justo eu massa.",
      "instructorRanking": "",
      "instructorExperience": "4 Year", 
      "instructorPhoneNumber": "779-506-9235",
      "instructorStatus": "Active"
    },
    {
      "instructorId": 91,
      "instructorImage": "http://dummyimage.com/223x100.png/5fa2dd/ffffff",
      "instructorName": "Leoline Woodland",
      "instructorSpecilization": "In congue.",
      "instructorRanking": "",
      "instructorExperience": "4 Year", 
      "instructorPhoneNumber": "993-254-0139",
      "instructorStatus": "Active"
    },
    {
      "instructorId": 92,
      "instructorImage": "http://dummyimage.com/142x100.png/dddddd/000000",
      "instructorName": "Zacharia Torpie",
      "instructorSpecilization": "Pellentesque at nulla. Suspendisse potenti. Cras in purus eu magna vulputate luctus. Cum sociis natoque penatibus et magnis dis parturient montes, nascetur rIdiculus mus.",
      "instructorRanking": "",
      "instructorExperience": "4 Year", 
      "instructorPhoneNumber": "691-286-3898",
      "instructorStatus": "Active"
    },
    {
      "instructorId": 93,
      "instructorImage": "http://dummyimage.com/164x100.png/5fa2dd/ffffff",
      "instructorName": "Patrice Bosden",
      "instructorSpecilization": "Morbi non quam nec dui luctus rutrum. Nulla tellus. In sagittis dui vel nisl. Duis ac nibh. Fusce lacus purus, aliquet at, feugiat non, pretium quis, lectus. Suspendisse potenti. In eleifend quam a odio. In hac habitasse platea dictumst. Maecenas ut massa quis augue luctus tincIdunt.",
      "instructorRanking": "",
      "instructorExperience": "4 Year", 
      "instructorPhoneNumber": "885-773-1534",
      "instructorStatus": "Active"
    },
    {
      "instructorId": 94,
      "instructorImage": "http://dummyimage.com/218x100.png/ff4444/ffffff",
      "instructorName": "Steward Digger",
      "instructorSpecilization": "Etiam justo. Etiam pretium iaculis justo. In hac habitasse platea dictumst. Etiam faucibus cursus urna. Ut tellus. Nulla ut erat Id mauris vulputate elementum.",
      "instructorRanking": "",
      "instructorExperience": "4 Year", 
      "instructorPhoneNumber": "221-548-7842",
      "instructorStatus": "Active"
    },
    {
      "instructorId": 95,
      "instructorImage": "http://dummyimage.com/234x100.png/dddddd/000000",
      "instructorName": "Raeann Gapper",
      "instructorSpecilization": "Aliquam erat volutpat.",
      "instructorRanking": "",
      "instructorExperience": "4 Year", 
      "instructorPhoneNumber": "292-106-5362",
      "instructorStatus": "Active"
    },
    {
      "instructorId": 96,
      "instructorImage": "http://dummyimage.com/244x100.png/cc0000/ffffff",
      "instructorName": "Noel Espadas",
      "instructorSpecilization": "Morbi non lectus. Aliquam sit amet diam in magna bibendum imperdiet., laoreet ut, rhoncus aliquet, pulvinar sed, nisl.",
      "instructorRanking": "",
      "instructorExperience": "4 Year", 
      "instructorPhoneNumber": "132-541-2357",
      "instructorStatus": "Active"
    },
    {
      "instructorId": 97,
      "instructorImage": "http://dummyimage.com/185x100.png/5fa2dd/ffffff",
      "instructorName": "Denyse Wishart",
      "instructorSpecilization": "Vivamus in felis eu sapien cursus vestibulum. Proin eu mi. Nulla ac enim. In tempor, turpis nec euismod scelerisque, quam turpis adipiscing lorem, vitae mattis nibh ligula nec sem. Duis aliquam convallis nunc. Proin at turpis a pede posuere nonummy. Integer non velit. Donec diam neque, vestibulum eget, vulputate ut, ultrices vel, augue. Vestibulum ante ipsum primis in faucibus orci luctus et ultrices posuere cubilia Curae; Donec pharetra, magna vestibulum aliquet ultrices, erat tortor sollicitudin mi, sit amet lobortis sapien sapien non mi. Integer ac neque.",
      "instructorRanking": "",
      "instructorExperience": "4 Year",
      "instructorPhoneNumber": "848-153-7221",
      "instructorStatus": "Active"
    },
    {
      "instructorId": 98,
      "instructorImage": "http://dummyimage.com/119x100.png/cc0000/ffffff",
      "instructorName": "Sibley Willmett",
      "instructorSpecilization": "Duis mattis egestas metus. Aenean fermentum. Donec ut mauris eget massa tempor convallis. Nulla neque libero, convallis eget, eleifend luctus, ultricies eu, nibh. Quisque Id justo sit amet sapien dignissim vestibulum. Vestibulum ante ipsum primis in faucibus orci luctus et ultrices posuere cubilia Curae; Nulla dapibus dolor vel est. Donec odio justo, sollicitudin ut, suscipit a, feugiat et, eros. Vestibulum ac est lacinia nisi venenatis tristique. Fusce congue, diam Id ornare imperdiet, sapien urna pretium nisl, ut volutpat sapien arcu sed augue.",
      "instructorRanking": "",
      "instructorExperience": "4 Year", 
      "instructorPhoneNumber": "231-374-0061",
      "instructorStatus": "Active"
    },
    {
      "instructorId": 99,
      "instructorImage": "http://dummyimage.com/174x100.png/dddddd/000000",
      "instructorName": "Torrey Cristobal",
      "instructorSpecilization": "Suspendisse potenti. In eleifend quam a odio. In hac habitasse platea dictumst. Maecenas ut massa quis augue luctus tincIdunt. Nulla mollis molestie lorem. Quisque ut erat. Curabitur gravIda nisi at nibh. In hac habitasse platea dictumst.",
      "instructorRanking": "",
      "instructorExperience": "4 Year", 
      "instructorPhoneNumber": "291-190-7051",
      "instructorStatus": "Active"
    },
    {
      "instructorId": 100,
      "instructorImage": "http://dummyimage.com/182x100.png/5fa2dd/ffffff",
      "instructorName": "Lisbeth Ryle",
      "instructorSpecilization": "Sed ante. Vivamus tortor.",
      "instructorRanking": "",
      "instructorExperience": "4 Year", 
      "instructorPhoneNumber": "474-999-8596",
      "instructorStatus": "Active"
    },
    {
      "instructorId": 101,
      "instructorImage": "http://dummyimage.com/227x100.png/ff4444/ffffff",
      "instructorName": "Kimbra Wagon",
      "instructorSpecilization": "Sed vel enim sit amet nunc viverra dapibus. Nulla suscipit ligula in lacus.",
      "instructorRanking": "",
      "instructorExperience": "4 Year", 
      "instructorPhoneNumber": "387-295-3713",
      "instructorStatus": "Active"
    },
    {
      "instructorId": 102,
      "instructorImage": "http://dummyimage.com/121x100.png/5fa2dd/ffffff",
      "instructorName": "Margret De Maria",
      "instructorSpecilization": "Integer non velit.",
      "instructorRanking": "",
      "instructorExperience": "4 Year", 
      "instructorPhoneNumber": "425-507-5464",
      "instructorStatus": "Active"
    },
    {
      "instructorId": 103,
      "instructorImage": "http://dummyimage.com/183x100.png/5fa2dd/ffffff",
      "instructorName": "Karlotte Ambrodi",
      "instructorSpecilization": "In hac habitasse platea dictumst. Aliquam augue quam, sollicitudin vitae, consectetuer eget, rutrum at, lorem. Integer tincIdunt ante vel ipsum. Praesent blandit lacinia erat. Vestibulum sed magna at nunc commodo placerat. Praesent blandit. Nam nulla. Integer pede justo, lacinia eget, tincIdunt eget, tempus vel, pede.",
      "instructorRanking": "",
      "instructorExperience": "4 Year",
      "instructorPhoneNumber": "587-877-1607",
      "instructorStatus": "Active"
    },
    {
      "instructorId": 104,
      "instructorImage": "http://dummyimage.com/104x100.png/cc0000/ffffff",
      "instructorName": "Rinaldo Bole",
      "instructorSpecilization": "Integer pede justo, lacinia eget, tincIdunt eget, tempus vel, pede. Morbi porttitor lorem Id ligula. Suspendisse ornare consequat lectus. In est risus, auctor sed, tristique in, tempus sit amet, sem. Fusce consequat. Nulla nisl. Nunc nisl. Duis bibendum, felis sed interdum venenatis, turpis enim blandit mi, in porttitor pede justo eu massa.",
      "instructorRanking": "",
      "instructorExperience": "4 Year", 
      "instructorPhoneNumber": "408-177-6257",
      "instructorStatus": "Active"
    },
    {
      "instructorId": 105,
      "instructorImage": "http://dummyimage.com/103x100.png/5fa2dd/ffffff",
      "instructorName": "Fabian Hagley",
      "instructorSpecilization": "Proin eu mi. Nulla ac enim. In tempor, turpis nec euismod scelerisque, quam turpis adipiscing lorem, vitae mattis nibh ligula nec sem. Duis aliquam convallis nunc. Proin at turpis a pede posuere nonummy. Integer non velit.",
      "instructorRanking": "",
      "instructorExperience": "4 Year", 
      "instructorPhoneNumber": "460-371-7578",
      "instructorStatus": "Active"
    },
    {
      "instructorId": 106,
      "instructorImage": "http://dummyimage.com/248x100.png/ff4444/ffffff",
      "instructorName": "Letizia Gerdts",
      "instructorSpecilization": "In blandit ultrices enim. Lorem ipsum dolor sit amet, consectetuer adipiscing elit. Proin interdum mauris non ligula pellentesque ultrices. Phasellus Id sapien in sapien iaculis congue. Vivamus metus arcu, adipiscing molestie, hendrerit at, vulputate vitae, nisl. Aenean lectus. Pellentesque eget nunc. Donec quis orci eget orci vehicula condimentum. Curabitur in libero ut massa volutpat convallis.",
      "instructorRanking": "",
      "instructorExperience": "4 Year", 
      "instructorPhoneNumber": "694-414-7404",
      "instructorStatus": "Active"
    },
    {
      "instructorId": 107,
      "instructorImage": "http://dummyimage.com/247x100.png/5fa2dd/ffffff",
      "instructorName": "Roddie de Pinna",
      "instructorSpecilization": "Aliquam augue quam, sollicitudin vitae, consectetuer eget, rutrum at, lorem. Integer tincIdunt ante vel ipsum. Praesent blandit lacinia erat. Vestibulum sed magna at nunc commodo placerat. Praesent blandit. Nam nulla. Integer pede justo, lacinia eget, tincIdunt eget, tempus vel, pede. Morbi porttitor lorem Id ligula.",
      "instructorRanking": "",
      "instructorExperience": "4 Year", 
      "instructorPhoneNumber": "221-841-3831",
      "instructorStatus": "Active"
    },
    {
      "instructorId": 108,
      "instructorImage": "http://dummyimage.com/195x100.png/cc0000/ffffff",
      "instructorName": "Marcela Vassbender",
      "instructorSpecilization": "Cras pellentesque volutpat dui. Maecenas tristique, est et tempus semper, est quam pharetra magna, ac consequat metus sapien ut nunc. Vestibulum ante ipsum primis in faucibus orci luctus et ultrices posuere cubilia Curae; Mauris viverra diam vitae quam. Suspendisse potenti. Nullam porttitor lacus at turpis. Donec posuere metus vitae ipsum. Aliquam non mauris. Morbi non lectus. Aliquam sit amet diam in magna bibendum imperdiet. Nullam orci pede, venenatis non, sodales sed, tincIdunt eu, felis.",
      "instructorRanking": "",
      "instructorExperience": "4 Year", 
      "instructorPhoneNumber": "202-699-6087",
      "instructorStatus": "Active"
    },
    {
      "instructorId": 109,
      "instructorImage": "http://dummyimage.com/183x100.png/ff4444/ffffff",
      "instructorName": "Eamon Ohms",
      "instructorSpecilization": "Donec diam neque, vestibulum eget, vulputate ut, ultrices vel, augue. Vestibulum ante ipsum primis in faucibus orci luctus et ultrices posuere cubilia Curae; Donec pharetra, magna vestibulum aliquet ultrices, erat tortor sollicitudin mi, sit amet lobortis sapien sapien non mi. Integer ac neque. Duis bibendum. Morbi non quam nec dui luctus rutrum. Nulla tellus. In sagittis dui vel nisl. Duis ac nibh. Fusce lacus purus, aliquet at, feugiat non, pretium quis, lectus.",
      "instructorRanking": "",
      "instructorExperience": "4 Year", 
      "instructorPhoneNumber": "552-972-5279",
      "instructorStatus": "Active"
    },
    {
      "instructorId": 110,
      "instructorImage": "http://dummyimage.com/119x100.png/ff4444/ffffff",
      "instructorName": "Hakeem Petracchi",
      "instructorSpecilization": "Pellentesque at nulla. Suspendisse potenti. Cras in purus eu magna vulputate luctus. Cum sociis natoque penatibus et magnis dis parturient montes, nascetur rIdiculus mus. Vivamus vestibulum sagittis sapien. Cum sociis natoque penatibus et magnis dis parturient montes, nascetur rIdiculus mus. Etiam vel augue. Vestibulum rutrum rutrum neque.",
      "instructorRanking": "",
      "instructorExperience": "4 Year", 
      "instructorPhoneNumber": "713-236-3701",
      "instructorStatus": "Active"
    },
    {
      "instructorId": 111,
      "instructorImage": "http://dummyimage.com/148x100.png/ff4444/ffffff",
      "instructorName": "Adriana Scalera",
      "instructorSpecilization": "In hac habitasse platea dictumst. Maecenas ut massa quis augue luctus tincIdunt. Nulla mollis molestie lorem. Quisque ut erat. Curabitur gravIda nisi at nibh. In hac habitasse platea dictumst. Aliquam augue quam, sollicitudin vitae, consectetuer eget, rutrum at, lorem. Integer tincIdunt ante vel ipsum.",
      "instructorRanking": "",
      "instructorExperience": "4 Year", 
      "instructorPhoneNumber": "944-602-0684",
      "instructorStatus": "Active"
    },
    {
      "instructorId": 112,
      "instructorImage": "http://dummyimage.com/207x100.png/5fa2dd/ffffff",
      "instructorName": "Georgeanne Rainsden",
      "instructorSpecilization": "Maecenas rhoncus aliquam lacus. Morbi quis tortor Id nulla ultrices aliquet. Maecenas leo odio, condimentum Id, luctus nec, molestie sed, justo. Pellentesque viverra pede ac diam. Cras pellentesque volutpat dui. Maecenas tristique, est et tempus semper, est quam pharetra magna, ac consequat metus sapien ut nunc.",
      "instructorRanking": "",
      "instructorExperience": "4 Year", 
      "instructorPhoneNumber": "222-951-2757",
      "instructorStatus": "Active"
    },
    {
      "instructorId": 113,
      "instructorImage": "http://dummyimage.com/149x100.png/5fa2dd/ffffff",
      "instructorName": "Bastien Pattlel",
      "instructorSpecilization": "Nulla justo. Aliquam quis turpis eget elit sodales scelerisque. Mauris sit amet eros. Suspendisse accumsan tortor quis turpis. Sed ante. Vivamus tortor. Duis mattis egestas metus.",
      "instructorRanking": "",
      "instructorExperience": "4 Year", 
      "instructorPhoneNumber": "494-846-0051",
      "instructorStatus": "Active"
    },
    {
      "instructorId": 114,
      "instructorImage": "http://dummyimage.com/184x100.png/5fa2dd/ffffff",
      "instructorName": "Bat Margrie",
      "instructorSpecilization": "Integer ac neque. Duis bibendum. Morbi non quam nec dui luctus rutrum. Nulla tellus. In sagittis dui vel nisl. Duis ac nibh. Fusce lacus purus, aliquet at, feugiat non, pretium quis, lectus.",
      "instructorRanking": "",
      "instructorExperience": "4 Year", 
      "instructorPhoneNumber": "588-996-2160",
      "instructorStatus": "Active"
    },
    {
      "instructorId": 115,
      "instructorImage": "http://dummyimage.com/148x100.png/ff4444/ffffff",
      "instructorName": "Massimo Bugby",
      "instructorSpecilization": "Etiam faucibus cursus urna. Ut tellus. Nulla ut erat Id mauris vulputate elementum. Nullam varius.",
      "instructorRanking": "",
      "instructorExperience": "4 Year", 
      "instructorPhoneNumber": "431-181-9508",
      "instructorStatus": "Active"
    },
    {
      "instructorId": 116,
      "instructorImage": "http://dummyimage.com/250x100.png/ff4444/ffffff",
      "instructorName": "Syman Dionisetto",
      "instructorSpecilization": "Nullam sit amet turpis elementum ligula vehicula consequat. Morbi a ipsum. Integer a nibh. In quis justo. Maecenas rhoncus aliquam lacus. Morbi quis tortor Id nulla ultrices aliquet. Maecenas leo odio, condimentum Id, luctus nec, molestie sed, justo. Pellentesque viverra pede ac diam. Cras pellentesque volutpat dui.",
      "instructorRanking": "",
      "instructorExperience": "4 Year", 
      "instructorPhoneNumber": "238-857-4652",
      "instructorStatus": "Active"
    },
    {
      "instructorId": 117,
      "instructorImage": "http://dummyimage.com/104x100.png/5fa2dd/ffffff",
      "instructorName": "Bennett Towler",
      "instructorSpecilization": "Suspendisse potenti. In eleifend quam a odio. In hac habitasse platea dictumst.",
      "instructorRanking": "",
      "instructorExperience": "4 Year", 
      "instructorPhoneNumber": "345-788-7536",
      "instructorStatus": "Active"
    },
    {
      "instructorId": 118,
      "instructorImage": "http://dummyimage.com/238x100.png/cc0000/ffffff",
      "instructorName": "Lemuel Folomin",
      "instructorSpecilization": "In blandit ultrices enim. Lorem ipsum dolor sit amet, consectetuer adipiscing elit. Proin interdum mauris non ligula pellentesque ultrices. Phasellus Id sapien in sapien iaculis congue. Vivamus metus arcu, adipiscing molestie, hendrerit at, vulputate vitae, nisl. Aenean lectus. Pellentesque eget nunc. Donec quis orci eget orci vehicula condimentum. Curabitur in libero ut massa volutpat convallis. Morbi odio odio, elementum eu, interdum eu, tincIdunt in, leo.",
      "instructorRanking": "",
      "instructorExperience": "4 Year", 
      "instructorPhoneNumber": "229-418-0932",
      "instructorStatus": "Active"
    },
    {
      "instructorId": 119,
      "instructorImage": "http://dummyimage.com/204x100.png/ff4444/ffffff",
      "instructorName": "Norby Bernardini",
      "instructorSpecilization": "In hac habitasse platea dictumst. Maecenas ut massa quis augue luctus tincIdunt. Nulla mollis molestie lorem. Quisque ut erat. Curabitur gravIda nisi at nibh. In hac habitasse platea dictumst. Aliquam augue quam, sollicitudin vitae, consectetuer eget, rutrum at, lorem.",
      "instructorRanking": "",
      "instructorExperience": "4 Year", 
      "instructorPhoneNumber": "306-778-6018",
      "instructorStatus": "Active"
    },
    {
      "instructorId": 120,
      "instructorImage": "http://dummyimage.com/187x100.png/cc0000/ffffff",
      "instructorName": "Susi Tremeer",
      "instructorSpecilization": "Fusce lacus purus, aliquet at, feugiat non, pretium quis, lectus. Suspendisse potenti. In eleifend quam a odio. In hac habitasse platea dictumst. Maecenas ut massa quis augue luctus tincIdunt. Nulla mollis molestie lorem.",
      "instructorRanking": "",
      "instructorExperience": "4 Year", 
      "instructorPhoneNumber": "252-720-8487",
      "instructorStatus": "Active"
    },
    {
      "instructorId": 121,
      "instructorImage": "http://dummyimage.com/176x100.png/cc0000/ffffff",
      "instructorName": "Tawsha Izchaki",
      "instructorSpecilization": "Vivamus vestibulum sagittis sapien. Cum sociis natoque penatibus et magnis dis parturient montes, nascetur rIdiculus mus. Etiam vel augue. Vestibulum rutrum rutrum neque. Aenean auctor gravIda sem. Praesent Id massa Id nisl venenatis lacinia. Aenean sit amet justo. Morbi ut odio.",
      "instructorRanking": "",
      "instructorExperience": "4 Year", 
      "instructorPhoneNumber": "125-493-2844",
      "instructorStatus": "Active"
    },
    {
      "instructorId": 122,
      "instructorImage": "http://dummyimage.com/202x100.png/dddddd/000000",
      "instructorName": "Cayla Mottram",
      "instructorSpecilization": "Donec quis orci eget orci vehicula condimentum. Curabitur in libero ut massa volutpat convallis. Morbi odio odio, elementum eu, interdum eu, tincIdunt in, leo. Maecenas pulvinar lobortis est. Phasellus sit amet erat. Nulla tempus. Vivamus in felis eu sapien cursus vestibulum. Proin eu mi. Nulla ac enim. In tempor, turpis nec euismod scelerisque, quam turpis adipiscing lorem, vitae mattis nibh ligula nec sem.",
      "instructorRanking": "",
      "instructorExperience": "4 Year", 
      "instructorPhoneNumber": "116-993-7043",
      "instructorStatus": "Active"
    },
    {
      "instructorId": 123,
      "instructorImage": "http://dummyimage.com/146x100.png/5fa2dd/ffffff",
      "instructorName": "Cary McLaverty",
      "instructorSpecilization": "Cras in purus eu magna vulputate luctus. Cum sociis natoque penatibus et magnis dis parturient montes, nascetur rIdiculus mus. Vivamus vestibulum sagittis sapien. Cum sociis natoque penatibus et magnis dis parturient montes, nascetur rIdiculus mus. Etiam vel augue. Vestibulum rutrum rutrum neque.",
      "instructorRanking": "",
      "instructorExperience": "4 Year", 
      "instructorPhoneNumber": "168-975-1686",
      "instructorStatus": "Active"
    },
    {
      "instructorId": 124,
      "instructorImage": "http://dummyimage.com/221x100.png/5fa2dd/ffffff",
      "instructorName": "Twyla Holme",
      "instructorSpecilization": "Duis bibendum. Morbi non quam nec dui luctus rutrum. Nulla tellus. In sagittis dui vel nisl. Duis ac nibh. Fusce lacus purus, aliquet at, feugiat non, pretium quis, lectus.",
      "instructorRanking": "",
      "instructorExperience": "4 Year", 
      "instructorPhoneNumber": "224-197-6009",
      "instructorStatus": "Active"
    },
    {
      "instructorId": 125,
      "instructorImage": "http://dummyimage.com/205x100.png/dddddd/000000",
      "instructorName": "Shani Treves",
      "instructorSpecilization": "Nullam orci pede, venenatis non, sodales sed, tincIdunt eu, felis. Fusce posuere felis sed lacus. Morbi sem mauris, laoreet ut, rhoncus aliquet, pulvinar sed, nisl. Nunc rhoncus dui vel sem. Sed sagittis. Nam congue, risus semper porta volutpat, quam pede lobortis ligula, sit amet eleifend pede libero quis orci. Nullam molestie nibh in lectus. Pellentesque at nulla.",
      "instructorRanking": "",
      "instructorExperience": "4 Year", 
      "instructorPhoneNumber": "363-111-8828",
      "instructorStatus": "Active"
    },
    {
      "instructorId": 126,
      "instructorImage": "http://dummyimage.com/234x100.png/dddddd/000000",
      "instructorName": "Zitella Bernardelli",
      "instructorSpecilization": "Duis bibendum. Morbi non quam nec dui luctus rutrum. Nulla tellus.",
      "instructorRanking": "",
      "instructorExperience": "4 Year", 
      "instructorPhoneNumber": "131-504-5665",
      "instructorStatus": "Active"
    },
    {
      "instructorId": 127,
      "instructorImage": "http://dummyimage.com/219x100.png/dddddd/000000",
      "instructorName": "Wolfie Dummer",
      "instructorSpecilization": "Ut at dolor quis odio consequat varius. Integer ac leo. Pellentesque ultrices mattis odio. Donec vitae nisi. Nam ultrices, libero non mattis pulvinar, nulla pede ullamcorper augue, a suscipit nulla elit ac nulla.",
      "instructorRanking": "",
      "instructorExperience": "4 Year", 
      "instructorPhoneNumber": "162-417-7043",
      "instructorStatus": "Active"
    },
    {
      "instructorId": 128,
      "instructorImage": "http://dummyimage.com/126x100.png/cc0000/ffffff",
      "instructorName": "Phoebe Tredget",
      "instructorSpecilization": "Nulla neque libero, convallis eget, eleifend luctus, ultricies eu, nibh. Quisque Id justo sit amet sapien dignissim vestibulum. Vestibulum ante ipsum primis in faucibus orci luctus et ultrices posuere cubilia Curae; Nulla dapibus dolor vel est. Donec odio justo, sollicitudin ut, suscipit a, feugiat et, eros. Vestibulum ac est lacinia nisi venenatis tristique. Fusce congue, diam Id ornare imperdiet, sapien urna pretium nisl, ut volutpat sapien arcu sed augue. Aliquam erat volutpat. In congue. Etiam justo. Etiam pretium iaculis justo.",
      "instructorRanking": "",
      "instructorExperience": "4 Year", 
      "instructorPhoneNumber": "168-336-1906",
      "instructorStatus": "Active"
    },
    {
      "instructorId": 129,
      "instructorImage": "http://dummyimage.com/249x100.png/cc0000/ffffff",
      "instructorName": "Elna Hartin",
      "instructorSpecilization": "Proin risus. Praesent lectus. Vestibulum quam sapien, varius ut, blandit non, interdum in, ante. Vestibulum ante ipsum primis in faucibus orci luctus et ultrices posuere cubilia Curae; Duis faucibus accumsan odio. Curabitur convallis. Duis consequat dui nec nisi volutpat eleifend.",
      "instructorRanking": "",
      "instructorExperience": "4 Year",
      "instructorPhoneNumber": "142-878-0922",
      "instructorStatus": "Active"
    },
    {
      "instructorId": 130,
      "instructorImage": "http://dummyimage.com/232x100.png/5fa2dd/ffffff",
      "instructorName": "Laurette Orro",
      "instructorSpecilization": "Vestibulum ante ipsum primis in faucibus orci luctus et ultrices posuere cubilia Curae; Duis faucibus accumsan odio. Curabitur convallis. Duis consequat dui nec nisi volutpat eleifend. Donec ut dolor. Morbi vel lectus in quam fringilla rhoncus. Mauris enim leo, rhoncus sed, vestibulum sit amet, cursus Id, turpis. Integer aliquet, massa Id lobortis convallis, tortor risus dapibus augue, vel accumsan tellus nisi eu orci.",
      "instructorRanking": "",
      "instructorExperience": "4 Year", 
      "instructorPhoneNumber": "537-336-4387",
      "instructorStatus": "Active"
    },
    {
      "instructorId": 131,
      "instructorImage": "http://dummyimage.com/163x100.png/ff4444/ffffff",
      "instructorName": "Lacie Halden",
      "instructorSpecilization": "Fusce congue, diam Id ornare imperdiet, sapien urna pretium nisl, ut volutpat sapien arcu sed augue. Aliquam erat volutpat. In congue. Etiam justo. Etiam pretium iaculis justo.",
      "instructorRanking": "",
      "instructorExperience": "4 Year", 
      "instructorPhoneNumber": "845-525-1032",
      "instructorStatus": "Active"
    },
    {
      "instructorId": 132,
      "instructorImage": "http://dummyimage.com/140x100.png/dddddd/000000",
      "instructorName": "Melisandra Bratt",
      "instructorSpecilization": "Integer a nibh. In quis justo. Maecenas rhoncus aliquam lacus. Morbi quis tortor Id nulla ultrices aliquet. Maecenas leo odio, condimentum Id, luctus nec, molestie sed, justo. Pellentesque viverra pede ac diam. Cras pellentesque volutpat dui. Maecenas tristique, est et tempus semper, est quam pharetra magna, ac consequat metus sapien ut nunc.",
      "instructorRanking": "",
      "instructorExperience": "4 Year", 
      "instructorPhoneNumber": "347-638-1686",
      "instructorStatus": "Active"
    },
    {
      "instructorId": 133,
      "instructorImage": "http://dummyimage.com/129x100.png/5fa2dd/ffffff",
      "instructorName": "Letizia O'Duilleain",
      "instructorSpecilization": "Proin at turpis a pede posuere nonummy. Integer non velit.",
      "instructorRanking": "",
      "instructorExperience": "4 Year", 
      "instructorPhoneNumber": "748-720-3604",
      "instructorStatus": "Active"
    },
    {
      "instructorId": 134,
      "instructorImage": "http://dummyimage.com/171x100.png/ff4444/ffffff",
      "instructorName": "Lurline Labadini",
      "instructorSpecilization": "Vivamus metus arcu, adipiscing molestie, hendrerit at, vulputate vitae, nisl. Aenean lectus. Pellentesque eget nunc. . Phasellus sit amet erat. Nulla tempus.",
      "instructorRanking": "",
      "instructorExperience": "4 Year", 
      "instructorPhoneNumber": "710-610-3142",
      "instructorStatus": "Active"
    },
    {
      "instructorId": 135,
      "instructorImage": "http://dummyimage.com/242x100.png/ff4444/ffffff",
      "instructorName": "Decca Nother",
      "instructorSpecilization": "Duis bibendum, felis sed interdum venenatis, turpis enim blandit mi, in porttitor pede justo eu massa. Donec dapibus. Duis at velit eu est congue elementum. In hac habitasse platea dictumst.",
      "instructorRanking": "",
      "instructorExperience": "4 Year", 
      "instructorPhoneNumber": "218-787-0214",
      "instructorStatus": "Active"
    },
    {
      "instructorId": 136,
      "instructorImage": "http://dummyimage.com/128x100.png/5fa2dd/ffffff",
      "instructorName": "DavIde O'Dunniom",
      "instructorSpecilization": "Sed sagittis.",
      "instructorRanking": "",
      "instructorExperience": "4 Year", 
      "instructorPhoneNumber": "903-414-8409",
      "instructorStatus": "Active"
    },
    {
      "instructorId": 137,
      "instructorImage": "/create_school_user_profile.svg/cc0000/ffffff",
      "instructorName": "Jojo Baiyle",
      "instructorSpecilization": "Phasellus in felis. Donec semper sapien a libero. Nam dui. Proin leo odio, porttitor Id, consequat in, consequat ut, nulla. Sed accumsan felis. Ut at dolor quis odio consequat varius. Integer ac leo. Pellentesque ultrices mattis odio. Donec vitae nisi. Nam ultrices, libero non mattis pulvinar, nulla pede ullamcorper augue, a suscipit nulla elit ac nulla.",
      "instructorRanking": "",
      "instructorExperience": "4 Year", 
      "instructorPhoneNumber": "268-628-1126",
      "instructorStatus": "Active"
    },
    {
      "instructorId": 138,
      "instructorImage": "http://dummyimage.com/209x100.png/cc0000/ffffff",
      "instructorName": "Carlota Rylance",
      "instructorSpecilization": "Maecenas tincIdunt lacus at velit. Vivamus vel nulla eget eros elementum pellentesque. Quisque porta volutpat erat. Quisque erat eros, viverra eget, congue eget, semper rutrum, nulla. Nunc purus.",
      "instructorRanking": "",
      "instructorExperience": "4 Year", 
      "instructorPhoneNumber": "614-134-5566",
      "instructorStatus": "Active"
    },
    {
      "instructorId": 139,
      "instructorImage": "http://dummyimage.com/143x100.png/ff4444/ffffff",
      "instructorName": "Nil De Mattia",
      "instructorSpecilization": "Morbi odio odio, elementum eu, interdum eu, tincIdunt in, leo. Maecenas pulvinar lobortis est. Phasellus sit amet erat. Nulla tempus. Vivamus in felis eu sapien cursus vestibulum. Proin eu mi. Nulla ac enim. In tempor, turpis nec euismod scelerisque, quam turpis adipiscing lorem, vitae mattis nibh ligula nec sem.",
      "instructorRanking": "",
      "instructorExperience": "4 Year", 
      "instructorPhoneNumber": "222-812-2493",
      "instructorStatus": "Active"
    },
    {
      "instructorId": 140,
      "instructorImage": "http://dummyimage.com/181x100.png/dddddd/000000",
      "instructorName": "Moyna Pollastro",
      "instructorSpecilization": "In hac habitasse platea dictumst. Etiam faucibus cursus urna. Ut tellus.",
      "instructorRanking": "",
      "instructorExperience": "4 Year",
      "instructorPhoneNumber": "271-273-5901",
      "instructorStatus": "Active"
    },
    {
      "instructorId": 141,
      "instructorImage": "http://dummyimage.com/106x100.png/5fa2dd/ffffff",
      "instructorName": "Algernon Gateman",
      "instructorSpecilization": "Nam nulla. Integer pede justo, lacinia eget, tincIdunt eget, tempus vel, pede. Morbi porttitor lorem Id ligula. Suspendisse ornare consequat lectus.",
      "instructorRanking": "",
      "instructorExperience": "4 Year", 
      "instructorPhoneNumber": "304-772-0688",
      "instructorStatus": "Active"
    },
    {
      "instructorId": 142,
      "instructorImage": "http://dummyimage.com/149x100.png/cc0000/ffffff",
      "instructorName": "Brear Onge",
      "instructorSpecilization": "Vivamus vel nulla eget eros elementum pellentesque. Quisque porta volutpat erat. Quisque erat eros, viverra eget, congue eget, semper rutrum, nulla. Nunc purus. Phasellus in felis. Donec semper sapien a libero.",
      "instructorRanking": "",
      "instructorExperience": "4 Year", 
      "instructorPhoneNumber": "823-315-9186",
      "instructorStatus": "Active"
    },
    {
      "instructorId": 143,
      "instructorImage": "http://dummyimage.com/132x100.png/dddddd/000000",
      "instructorName": "Abbot Bicheno",
      "instructorSpecilization": "Donec quis orci eget orci vehicula condimentum. Curabitur in libero ut massa volutpat convallis. Morbi odio odio, elementum eu, interdum eu, tincIdunt in, leo. Maecenas pulvinar lobortis est.",
      "instructorRanking": "",
      "instructorExperience": "4 Year", 
      "instructorPhoneNumber": "225-314-4182",
      "instructorStatus": "Active"
    },
    {
      "instructorId": 144,
      "instructorImage": "http://dummyimage.com/211x100.png/cc0000/ffffff",
      "instructorName": "Justinian Kenrick",
      "instructorSpecilization": "In hac habitasse platea dictumst. Aliquam augue quam, sollicitudin vitae, consectetuer eget, rutrum at, lorem. Integer tincIdunt ante vel ipsum. Praesent blandit lacinia erat.",
      "instructorRanking": "",
      "instructorExperience": "4 Year", 
      "instructorPhoneNumber": "429-428-5453",
      "instructorStatus": "Active"
    },
    {
      "instructorId": 145,
      "instructorImage": "http://dummyimage.com/177x100.png/ff4444/ffffff",
      "instructorName": "Rafi Caze",
      "instructorSpecilization": "Donec quis orci eget orci vehicula condimentum. Curabitur in libero ut massa volutpat convallis. Morbi odio odio, elementum eu, interdum eu, tincIdunt in, leo.",
      "instructorRanking": "",
      "instructorExperience": "4 Year", 
      "instructorPhoneNumber": "132-835-3522",
      "instructorStatus": "Active"
    },
    {
      "instructorId": 146,
      "instructorImage": "http://dummyimage.com/173x100.png/cc0000/ffffff",
      "instructorName": "Durand Molnar",
      "instructorSpecilization": "Aliquam augue quam, sollicitudin vitae, consectetuer eget, rutrum at, lorem. Integer tincIdunt ante vel ipsum.",
      "instructorRanking": "",
      "instructorExperience": "4 Year",
      "instructorPhoneNumber": "670-163-6517",
      "instructorStatus": "Active"
    },
    {
      "instructorId": 147,
      "instructorImage": "http://dummyimage.com/193x100.png/5fa2dd/ffffff",
      "instructorName": "Coleen Milam",
      "instructorSpecilization": "Mauris sit amet eros. Suspendisse accumsan tortor quis turpis. Sed ante. Vivamus tortor. Duis mattis egestas metus. Aenean fermentum. Donec ut mauris eget massa tempor convallis. Nulla neque libero, convallis eget, eleifend luctus, ultricies eu, nibh. Quisque Id justo sit amet sapien dignissim vestibulum.",
      "instructorRanking": "",
      "instructorExperience": "4 Year", 
      "instructorPhoneNumber": "712-113-7921",
      "instructorStatus": "Active"
    },
    {
      "instructorId": 148,
      "instructorImage": "http://dummyimage.com/170x100.png/ff4444/ffffff",
      "instructorName": "Rea Leech",
      "instructorSpecilization": "Integer pede justo, lacinia eget, tincIdunt eget, tempus vel, pede. Morbi porttitor lorem Id ligula. Suspendisse ornare consequat lectus. In est risus, auctor sed, tristique in, tempus sit amet, sem. Fusce consequat. Nulla nisl. Nunc nisl. Duis bibendum, felis sed interdum venenatis, turpis enim blandit mi, in porttitor pede justo eu massa.",
      "instructorRanking": "",
      "instructorExperience": "4 Year", 
      "instructorPhoneNumber": "209-811-0975",
      "instructorStatus": "Active"
    },
    {
      "instructorId": 149,
      "instructorImage": "http://dummyimage.com/175x100.png/dddddd/000000",
      "instructorName": "Johannah Jagels",
      "instructorSpecilization": "In hac habitasse platea dictumst. Aliquam augue quam, sollicitudin vitae, consectetuer eget, rutrum at, lorem. Integer tincIdunt ante vel ipsum. Praesent blandit lacinia erat. Vestibulum sed magna at nunc commodo placerat.",
      "instructorRanking": "",
      "instructorExperience": "4 Year",
      "instructorPhoneNumber": "216-575-5437",
      "instructorStatus": "Active"
    },
    {
      "instructorId": 150,
      "instructorImage": "http://dummyimage.com/154x100.png/cc0000/ffffff",
      "instructorName": "Marney Knocker",
      "instructorSpecilization": "Etiam justo. Etiam pretium iaculis justo. In hac habitasse platea dictumst. Etiam faucibus cursus urna. Ut tellus.",
      "instructorRanking": "",
      "instructorExperience": "4 Year",
      "instructorPhoneNumber": "510-401-1080",
      "instructorStatus": "Active"
    }
  ]