[
  {
    "paymentMethod": "Gocardless",
    "accountNumber": "UK Martial  App",
    "countryName": "United Kingdom",
    "mode": "Live",
    "status": "Active"
  },
  {
    "paymentMethod": "PayPal",
    "accountNumber": "UK Martial  App",
    "countryName": "United Kingdom",
    "mode": "Live",
    "status": "Active"
  },
  {
    "paymentMethod": "Stripe",
    "accountNumber": "UK Martial  App",
    "countryName": "United Kingdom",
    "mode": "Test",
    "status": "Inactive"
  },
  {
    "paymentMethod": "Bank Account",
    "accountNumber": "UK Martial  App",
    "countryName": "United Kingdom",
    "mode": "Live",
    "status": "Active"
  },
  {
    "paymentMethod": "Cash",
    "accountNumber": "--",
    "countryName": "--",
    "mode": "--",
    "status": "Add"
  }
]